苏美尔王表(SKL),王朝 (Dynasty),在位时间(Reign),在位年数(Regnal years),"甲骨文，周祭 （Oracle Bone Scripts ,  10-day Sacrifices)",都城（Captial),史记 (Shiji),夏商周断代工程 (Xia–Shang–Zhou Chronology Project),注释(Notes)
𒈩𒀭𒉌𒅆𒊒𒁕 (Mesh-Ane-pada)大丁（武丁）,乌尔 1 (Ur I),c. 2550 – c. 2525 BC,80,大丁,殷（Ur),,,丁帝命武
 𒈩𒆠𒉘𒉣 (Mesh-ki-ang-Nanna)廑 𒀀𒀭𒉌𒅆𒊒𒁕（Aannepada） 汤,,c. 2485 - c. 2450 BC,36,大乙,殷（Ur),汤 （建国后第一世）,约 1661 BC,大乙，汤，唐， 古帝命武
𒂊𒇻𒇻（Elulu）大甲,,c. 2445 BC,25,大甲,殷（Ur),太甲 （建国后第三世）,约 1645 BC,
𒁀𒇻𒇻 (Balulu)孔甲/小甲,,c. 2440 BC,36,小甲,殷（Ur),小甲 （建国后第五世）,约 1614 BC,
埃兰人王朝（Awan dynasty),,,,,,,,夷
基什第二王朝(Kish II),,,,,,,,冀
哈马子王朝(Dynasty of Hamazi),,,,,,,,
𒂗𒊮𒊨𒀭𒈾 (En-shag-kush-ana),乌鲁克 2   （Uruk II),,,,,,,
𒈗𒆠𒉌𒂠𒌌𒌌（Lugal-kinishe-dudu）,,c 2400 BC,,,,,,
"Lugal-kisalsi, also Lugaltarsi (𒈗𒆦𒋛, lugal-kisal-si, also 𒈗𒋻𒋛, lugal-tar-si",,,,,,帝喾,,
𒈾𒀭𒉌（Nanni）,乌尔 2     (Ur II),,,报丙,殷（Ur),报丙 （先公第十一世）,约 1600BC 之前,
𒈩𒆠𒉘𒉣 Mesh-ki-ang-Nanna II 廑二世,,,,报丁,殷（Ur),报丁（先公第九世）,约 1600BC 之前,
阿达布王朝（Dynasty of Adab）,,c. 2400 BC,,,,,,史记，夏王，槐 = 芬 = 芒 = 荒
马里王朝(Dynasty of Mari),,,,,,,,有扈氏
基什第三王朝(Kish III),,,,,,,,冀
阿克沙克王朝（Dynasty of Akshak）,,,,,,,,有易
基什第四王朝(Kish IV),,,,,,,,冀
𒈗𒍠𒄀𒋛（Lugal-Zage-Si）,乌鲁克 3   （Uruk III),,,,,,,"介/界/边/右边/肩膀  祀  角， 历史真相：卢加尔扎克西是温马（Umma）的起义者，后来占据了乌鲁克，建立了极其短暂的乌鲁克第三王朝，随后就被阿卡德的萨尔贡彻底灭掉并游街示众。

血统绝缘：大邑商的核心王族是乌尔第三王朝（Ur III）。商王族（上甲=Ur-Nammu，报乙=Shulgi）的直接血统和法统，根本不经过卢加尔扎克西！他在苏美尔政治史上是一个“断代”的霸主，绝不可能被列入商代先公的正统庙号。"
阿卡德帝国 (Dynasty of Akkad),,,,,,,,
𒌨𒆸（Ur-nigin）,乌鲁克 4（Uruk IV),c. 2091? – 2061? BC,7,,,,,
𒌨𒄑𒇀 (Ur-gigir) 契,,c. 2200  BC,6,,,契（先公第一世）,约 1600BC 之前,"战车之王； 契 ，从丰，从刀，从犬（大）-> Ur 𒌨 Gi 𒄀 Gir 𒄈 ur-gigir 的王号 governor-general of the god Dumuzi, 𒌉𒍣,    Dumuzi is a mesopotamian deity of agriculture.   巧合的是， 季， 从禾， 从子，  禾（神）的儿子 "
𒋻𒁕（Kuda）昭明,,c. 2200  BC,6,,,昭明（先公第二世）,约 1600BC 之前,从分（刀） 从力(口）； 昌若（史记先公第四世）
𒅤𒊭（Puzur-ili) 相土,,c. 2135 - 2130 BC,5,,,相土（先公第三世）,约 1600BC 之前,甲骨文从O从一𒊭； 曹圉 （史记先公第五世）
𒌨𒀭𒌓（Ur-Utu） 王亥,,c. 2130 - 2124 BC,6,,,振（先公第七世）,约 1600BC 之前,𒌨 亥 = 振  
古题王朝（Gutian Dynasty）,,,,,,,,有易
𒀭𒌓𒃶𒅅（Utu-hengal）王恒,乌鲁克 5（Uruk V),c. 2055 – c. 2048 BC,,,,冥（史记先公第六世）,约 1600BC 之前,冥（史记先公第六世）
𒌨𒀭𒇉（Ur-Nammu) 上甲,乌尔 3    (Ur III),c. 2112 – c. 2094 BC,18,上甲,殷（Ur),微 （先公第八世）,约 1600BC 之前,上甲微 = 昏微
𒀭𒂄𒄀 （Shulgi）报乙,,c. 2094 – c. 2046 BC,48,报乙,殷（Ur),报乙（先公第十世）,约 1600BC 之前,第一次称商王
𒀭𒀫𒀭𒂗𒍪（Amar-Sin）主壬,,c. 2046 – c. 2037 BC,9,示壬,殷（Ur),主壬（先公第十二世）,约 1600BC 之前,𒀫 壬
𒀭𒋗𒀭𒂗𒍪（Shu-Sin）主癸,,c. 2037 – c. 2028 BC,9,示癸,殷（Ur),主癸（先公第十三世）,约 1600BC ,𒋗𒀭  从手从天， 癸。 
,九世之乱 大迁徙 Big migration,,,卜丙,雍（Tepe Hissar),,前1649年,
,,,,大庚,,,前1614年,
,,,,大戊,,大戊（建国后第六世）,前1580年,
,,,,雍己,,雍己（建国后第六世）,前1592年,
,,,,中丁,嚣/隞（Gonur Tepe),中丁（建国后第七世）,前1505年,中丁、三且丁（三祖丁）
,,c 1700 - c 1600 BC,,卜壬,,卜壬（建国后第七世）,前1494年,
,,,,戋甲,相/耿 （Mongolia),戋甲（建国后第七世）,前1479年,河亶甲
,商王朝    （Shang dynasty),,,祖乙,庇 / 石峁 （ Shi mao),祖乙（建国后第八世）,前1470年,
,,,,祖辛,,祖辛（建国后第九世）,前1420年,
,,,,羌甲,,沃甲（建国后第九世）,前1404年,
,,,,祖丁,,祖丁（建国后第十世）,前1379年,
,,c 1350 BC,,南庚,奄 / 北京市房山区琉璃河（liulihe),南庚（建国后第十世）,前1347年,
,,,,阳甲,,阳甲（建国后第十一世）,前1318年,
,,c 1300 BC,,盘庚,殷 / 安阳 小屯 （An yang),盘庚（建国后第十一世）,前1301年,
,,,,小辛,,小辛（建国后第十一世）,前1273年,
,,,,小乙,,小乙（建国后第十一世）,前1270年,
,,,,武丁,,武丁（建国后第十二世）,前1260年,
,,,,祖己,,,,
,,,,祖庚,,祖庚（建国后第十三世）,前1201年,
,,,,祖甲,,祖甲（建国后第十三世）,前1190年,
,,,,康丁,,康丁（建国后第十四世）,前1153年,
,,,,武乙,,武乙（建国后第十五世）,前1145年,
,,,,文武丁,,文武丁（建国后第十六世）,前1110年,
,,,,帝乙,,帝乙（建国后第十七世）,前1094年,
,,c1050,,帝辛,,帝辛（建国后第十七世）,前1075年,商纣王
,,,,,,,前1046年，武王克商,古本竹书， 前1027年